{
  "num_questions": 3,
  "Recall@5": 0.3333333333333333,
  "Precision@5": 0.26666666666666666,
  "MRR": 0.3333333333333333
}